,timestamp,prices,total_volume,market_caps,Vol_Mcap_ratio,Open,High,Low,Close,Volume,Close Time,Date,moving_avg_Vol_MCap,Un_Norm_Vol_MCap,Heiken_color,Greater,Slope,Pivot
0,1625443200000.0,83.29048396017858,8336981.453273526,117331875.89249866,0.07105470180083034,83.01,166.68,80.11,101.5,545392.13,1625529599999.0,2021-07-05,,,green,,,top
1,1625529600000.0,102.05849140443765,170404035.5714726,144088072.6928069,1.182638037880976,101.13,120.46,100.2,101.08,184991.74,1625615999999.0,2021-07-06,,,green,1.0,-0.41,
2,1625616000000.0,101.69587720779376,55953565.51691378,144952630.13299352,0.38601276476029844,101.35,106.0,92.0,92.27,53473.79,1625702399999.0,2021-07-07,,,red,,-8.72,
3,1625702400000.0,93.6647749790197,19629713.498190515,132144504.05431527,0.14854733186725744,92.27,93.33,81.15,83.21,39322.92,1625788799999.0,2021-07-08,,,red,,-9.82,
4,1625788800000.0,84.63812771900251,16575661.87529309,119265042.6338278,0.13898172934196934,83.47,93.44,78.14,89.5,24703.61,1625875199999.0,2021-07-09,,,red,,7.56,
5,1625875200000.0,91.86586653346964,13180615.505292851,128210182.39975289,0.10280474809868344,89.54,103.5,88.44,93.59,90594.76,1625961599999.0,2021-07-10,,,green,,4.57,
6,1625961600000.0,95.06640386353249,39883204.320189506,134989168.4289622,0.29545484859533727,93.74,94.52,88.02,90.53,22146.18,1626047999999.0,2021-07-11,,,green,1.0,-3.27,
7,1626048000000.0,90.73209476571225,10941095.68967533,127925285.92452781,0.08552723263898161,90.74,91.58,84.29,85.58,12881.6,1626134399999.0,2021-07-12,,,red,,-5.47,
8,1626134400000.0,86.02607307927498,7560582.896197596,121470111.45305046,0.062242331103152436,85.6,92.0,81.06,81.5,14450.12,1626220799999.0,2021-07-13,,,red,,-4.77,
9,1626220800000.0,81.16954621183478,8728765.439010242,114625339.98717347,0.0761503995537722,81.52,87.47,76.6,80.93,18432.21,1626307199999.0,2021-07-14,,,red,1.0,-0.7,
10,1626307200000.0,80.68723420525441,7754389.048937884,113354488.67343509,0.06840831042233923,80.92,84.63,75.08,76.88,13842.61,1626393599999.0,2021-07-15,,,red,,-5.0,
11,1626393600000.0,76.97561030723975,6775799.621417035,108632473.26097192,0.062373610928835935,76.82,89.97,74.48,76.33,42507.96,1626479999999.0,2021-07-16,,,red,,-0.72,
12,1626480000000.0,76.33352637920022,13879975.327936511,107521415.85418291,0.1290903325413803,76.27,83.99,74.97,77.36,23985.97,1626566399999.0,2021-07-17,,,red,1.0,1.35,
13,1626566400000.0,77.47425613530943,10177578.729268113,109537875.39934263,0.09291378614167636,77.11,79.01,75.01,76.2,8096.79,1626652799999.0,2021-07-18,0.2073000118339636,,red,,-1.5,
14,1626652800000.0,76.63733365702089,3768477.3134725345,107899582.28278625,0.03492578222959199,76.23,77.07,67.78,68.12,25321.29,1626739199999.0,2021-07-19,0.20471937472173227,,red,,-10.6,
15,1626739200000.0,68.16534703714049,7115218.095967081,96104061.98606569,0.07403660104396764,68.24,68.36,63.0,64.47,11835.76,1626825599999.0,2021-07-20,0.1255335578048031,,red,1.0,-5.36,bottom
16,1626825600000.0,64.90420824328751,7411903.441346757,91474185.51366173,0.08102726905657755,64.45,79.39,63.2,71.02,25619.46,1626911999999.0,2021-07-21,0.10374887954025162,,red,,10.16,
17,1626912000000.0,71.72007974687392,20918265.890733548,101861601.10491738,0.2053596808201331,71.38,73.39,68.62,70.29,13314.26,1626998399999.0,2021-07-22,0.10780690446545703,,green,1.0,-1.03,
18,1626998400000.0,70.47593279576657,13931578.2224633,100534370.87204503,0.13857527631216487,70.29,72.68,68.81,72.15,8651.77,1627084799999.0,2021-07-23,0.10777787210618528,,green,,2.65,
19,1627084800000.0,72.08868649632167,10080221.65926125,102354399.4050007,0.09848352115648058,72.17,75.5,69.01,70.38,10388.75,1627171199999.0,2021-07-24,0.10746921303888508,,green,,-2.45,
20,1627171200000.0,70.4631884935613,9852793.106742743,99732035.42129393,0.09879266040367064,70.38,77.5,69.7,74.87,11177.4,1627257599999.0,2021-07-25,0.09342191388233746,,green,,6.38,
21,1627257600000.0,75.57723133205994,13583539.337252533,106002972.64468004,0.1281430039022047,74.55,80.0,70.92,71.14,14458.07,1627343999999.0,2021-07-26,0.09646589754399626,,green,1.0,-4.98,
22,1627344000000.0,71.66609640262251,14668231.778869264,101828289.83816658,0.14404869022332747,71.73,72.91,68.33,72.36,7205.99,1627430399999.0,2021-07-27,0.10230920890972303,,red,1.0,1.71,
23,1627430400000.0,72.44988757562457,10442953.586299986,102644205.84347947,0.10173933833366378,72.36,74.37,70.51,72.52,9275.69,1627516799999.0,2021-07-28,0.10413699025114388,,green,,0.22,
24,1627516800000.0,72.57456148181868,9884014.657462329,102912339.90172437,0.09604304660549959,72.72,73.5,71.6,73.0,4815.87,1627603199999.0,2021-07-29,0.10611089997851246,,green,,0.66,
25,1627603200000.0,73.09316584826057,8872704.833547657,103801275.55329175,0.08547780156123799,73.02,83.67,71.9,78.58,21658.26,1627689599999.0,2021-07-30,0.10776119930939831,,green,,7.64,
26,1627689600000.0,78.12496518031142,18617799.890969943,110806937.1210955,0.16802016529545852,78.58,78.99,76.22,78.71,4642.12,1627775999999.0,2021-07-31,0.11054190164897534,,green,1.0,0.17,
27,1627776000000.0,78.95727805314483,8481689.308255985,112175192.12564756,0.07561109678114601,78.66,98.54,77.47,83.56,71799.45,1627862399999.0,2021-08-01,0.10930599526608031,,green,,6.16,
28,1627862400000.0,82.84456130956563,33189959.405853625,117433440.74599902,0.28262783747979736,82.93,119.0,78.27,106.48,456740.31,1627948799999.0,2021-08-02,0.12699899921252356,,green,1.0,27.43,top
29,1627948800000.0,108.34809939332094,143833833.07781193,154647186.47319874,0.9300772704503044,106.74,130.61,101.91,105.31,435973.38,1628035199999.0,2021-08-03,0.18814476131297617,True,green,1.0,-1.1,
30,1628035200000.0,105.14614163867137,147035994.6641467,149340747.87371203,0.9845671510128345,105.74,109.15,98.7,100.83,153669.7,1628121599999.0,2021-08-04,0.2526833243098517,True,green,,-4.25,
31,1628121600000.0,100.66068764902798,60459718.58764148,146257388.09882656,0.4133789025877357,100.85,102.63,92.45,94.42,68920.85,1628207999999.0,2021-08-05,0.2675418401503947,,red,,-6.36,
32,1628208000000.0,95.01870517991429,33254258.285251122,138323159.9250974,0.24040990896432995,94.69,96.89,92.76,94.44,36484.63,1628294399999.0,2021-08-06,0.27481574248269225,,red,,0.02,
33,1628294400000.0,94.53783055899835,24419014.655310728,137519381.23477182,0.17756780488724574,94.44,99.67,93.74,95.44,32409.8,1628380799999.0,2021-08-07,0.2804646198920326,,red,,1.06,
34,1628380800000.0,95.85739641113797,27307078.336477745,138912449.72530863,0.1965776169844814,95.57,96.0,88.38,90.15,33952.16,1628467199999.0,2021-08-08,0.28744925964780477,,red,1.0,-5.54,bottom
35,1628467200000.0,89.9353832500268,23612803.281200495,130830385.33569449,0.18048409183090747,90.26,95.5,87.7,92.05,23357.18,1628553599999.0,2021-08-09,0.29118790878556927,,red,,2.11,
36,1628553600000.0,92.47108440976452,22935292.08569435,134185466.44903459,0.1709223263340928,92.01,100.0,90.12,95.11,34632.0,1628639999999.0,2021-08-10,0.29310745422205253,,green,,3.32,
37,1628640000000.0,97.24280271523662,25752456.84010544,141856604.9483572,0.18153865200341293,94.92,102.23,92.9,94.95,59653.65,1628726399999.0,2021-08-11,0.2988074051984632,,green,,-0.17,
38,1628726400000.0,95.19723075943281,34335981.904777214,139013145.37499774,0.2469980936849784,94.84,98.42,91.7,92.9,24582.71,1628812799999.0,2021-08-12,0.3095899085612831,,red,1.0,-2.16,
39,1628812800000.0,92.93206222830774,24649349.60919762,135147524.443983,0.18238846557203847,93.06,98.07,92.4,97.07,16738.52,1628899199999.0,2021-08-13,0.3165120988477689,,green,,4.49,top
40,1628899200000.0,96.91691478999864,18502374.241962068,140562650.81427264,0.13163080046355635,96.86,97.49,93.8,96.07,13837.83,1628985599999.0,2021-08-14,0.313912858502633,,green,,-1.03,
41,1628985600000.0,95.85897973804401,10778468.501930697,139790119.89076254,0.07710465167605131,96.07,97.17,92.89,95.9,13871.56,1629071999999.0,2021-08-15,0.3140195409951262,,green,,-0.18,
42,1629072000000.0,95.91908688877669,9859157.567235984,139433036.28424564,0.07070890679836653,95.9,98.8,93.44,93.84,12680.24,1629158399999.0,2021-08-16,0.2988824745178812,,red,,-2.15,
43,1629158400000.0,94.08533826336631,10784789.074964495,136752791.00440076,0.07886339281088191,94.08,95.82,89.94,90.25,9608.84,1629244799999.0,2021-08-17,0.2380814832579224,,red,1.0,-3.83,
44,1629244800000.0,90.31192084719517,11643169.45802935,131963438.56369215,0.08823026729793627,90.25,91.22,86.19,86.95,7659.86,1629331199999.0,2021-08-18,0.17405742013542969,,red,1.0,-3.66,bottom
45,1629331200000.0,87.69486207035386,6833781.507123374,127754415.94390266,0.05349154826964344,86.95,90.43,85.91,89.8,8770.19,1629417599999.0,2021-08-19,0.14835118054128021,,red,,3.28,
46,1629417600000.0,88.92249026144948,8976771.987745874,127567245.52479568,0.07036894110879761,90.37,94.62,89.75,93.69,7926.65,1629503999999.0,2021-08-20,0.1362053971230279,,green,1.0,4.33,
47,1629504000000.0,93.8490297565076,8371098.40818768,136401773.24315178,0.06137089136858388,93.69,97.99,91.79,93.51,15515.39,1629590399999.0,2021-08-21,0.12790561758598062,,green,,-0.19,
48,1629590400000.0,93.91361225551857,11258947.848958457,136736414.6948643,0.08234052263315145,93.54,101.84,90.99,94.17,10521.52,1629676799999.0,2021-08-22,0.1197458251323142,,green,1.0,0.71,
49,1629676800000.0,94.14877707379847,9501108.142176291,136888477.2104836,0.06940765457977238,94.29,96.66,93.04,95.94,9134.55,1629763199999.0,2021-08-23,0.11181179390009026,,green,,1.88,
50,1629763200000.0,95.95639412884948,8553081.616807602,139322610.72601345,0.06139047762769654,96.16,97.34,91.15,91.66,10717.79,1629849599999.0,2021-08-24,0.10398809042106195,,red,,-4.46,
51,1629849600000.0,91.91929910432457,8747190.378546424,133955674.59729294,0.06529914021815686,91.68,100.53,90.1,94.98,16933.82,1629935999999.0,2021-08-25,0.09568526815068654,,green,,3.62,
52,1629936000000.0,95.21764085081692,12347069.289235191,138570568.48738325,0.08910311492558669,94.99,177.0,93.5,127.5,840979.559,1630022399999.0,2021-08-26,0.08440705538215855,,green,1.0,34.24,
53,1630022400000.0,128.4674306609722,340423106.12791324,186762520.25288945,1.8227592220695923,127.3,158.8,121.0,127.9,308530.211,1630108799999.0,2021-08-27,0.20157639513198383,True,green,1.0,0.31,top
54,1630108800000.0,128.43217982753262,137205789.41725454,186874609.41881445,0.7342131167201825,128.0,134.6,124.3,127.0,75904.912,1630195199999.0,2021-08-28,0.24461798915031427,True,green,,-0.7,
55,1630195200000.0,127.0682199732345,47905888.51084213,184414762.7554641,0.25977252468863266,127.0,128.4,115.5,117.6,44713.226,1630281599999.0,2021-08-29,0.25766569436549863,,red,,-7.4,
56,1630281600000.0,117.66966616074822,29728799.671804707,170832329.8066262,0.17402326424662268,117.5,122.9,108.3,108.6,33508.573,1630367999999.0,2021-08-30,0.2650452913260884,,red,,-7.65,
57,1630368000000.0,109.00935268393427,26284336.87383479,158946923.32465088,0.16536549638113304,108.6,117.4,107.1,109.8,45559.692,1630454399999.0,2021-08-31,0.27122401300967774,,red,,1.1,
58,1630454400000.0,111.50540841259215,23538464.93823669,161946117.98689118,0.14534750959663031,110.0,119.9,108.8,115.6,30564.245,1630540799999.0,2021-09-01,0.275303816031013,,red,,5.28,
59,1630540800000.0,114.84735600466325,24956148.630010836,167081295.2660457,0.14936530501677545,115.3,118.6,111.6,116.6,19691.057,1630627199999.0,2021-09-02,0.28215194151295103,,green,,0.87,
60,1630627200000.0,116.43778753717518,21179377.281318575,168628127.23680368,0.12559812902136117,116.5,116.5,112.0,113.2,14184.973,1630713599999.0,2021-09-03,0.2860968835067056,,red,,-2.92,
61,1630713600000.0,113.35533142171369,19223360.211345587,164366201.77842307,0.11695445902716665,113.1,114.8,109.4,111.2,17164.737,1630799999999.0,2021-09-04,0.29006713833946146,,red,,-1.77,
62,1630800000000.0,111.39316365102138,21528852.695196766,161961600.17487085,0.13292566060073463,111.2,115.8,110.5,114.3,14510.791,1630886399999.0,2021-09-05,0.2936803624800031,,red,1.0,2.79,
63,1630886400000.0,113.41809440547345,22267551.11440008,165279747.89495912,0.13472643441198776,114.2,129.4,111.5,120.9,30573.013,1630972799999.0,2021-09-06,0.29834598961087566,,green,,5.77,
64,1630972800000.0,121.38975205227233,39209352.11346219,176786426.10256115,0.2217893815598445,121.0,121.3,90.0,100.2,25921.333,1631059199999.0,2021-09-07,0.3098030541774577,,red,1.0,-17.12,bottom
65,1631059200000.0,100.82377856276645,36012639.799208276,146692729.21602306,0.24549710126515706,100.7,110.9,92.1,103.1,19650.832,1631145599999.0,2021-09-08,0.32267433710938626,,red,1.0,2.89,
66,1631145600000.0,103.24015186253851,31704110.011525873,150787019.38087565,0.21025755493875697,103.1,118.5,103.1,109.6,33142.979,1631231999999.0,2021-09-09,0.3313282256817556,,green,,6.3,
67,1631232000000.0,110.23967052719524,44332344.530521736,160609324.60542855,0.2760259694724058,109.6,112.3,99.4,102.3,19071.817,1631318399999.0,2021-09-10,0.22084727906767082,,red,1.0,-6.66,
68,1631318400000.0,102.28032651989034,23780924.587208606,148349218.93269968,0.16030367236376955,102.3,110.9,101.9,108.9,32717.301,1631404799999.0,2021-09-11,0.179853747327927,,red,,6.45,
69,1631404800000.0,109.06505083844748,28002340.46171702,158717980.73346865,0.17642828072983543,108.9,116.0,106.0,108.9,19988.545,1631491199999.0,2021-09-12,0.1739005870451558,,green,1.0,0.0,
70,1631491200000.0,109.13987478046319,20366771.50913895,159263573.7490978,0.12788091482377856,108.9,110.2,99.7,102.2,26076.557,1631577599999.0,2021-09-13,0.17060470494352406,,red,,-6.15,
71,1631577600000.0,102.53550764788248,21594334.1523021,148960337.2434199,0.14496700633145218,102.1,154.0,101.8,125.8,128763.935,1631663999999.0,2021-09-14,0.16914766993997543,,green,1.0,23.09,
72,1631664000000.0,126.41043219546636,94424462.17486042,184424789.55691615,0.5119944146430471,125.8,146.0,124.6,126.7,84763.359,1631750399999.0,2021-09-15,0.19533673458614806,,green,1.0,0.72,
73,1631750400000.0,126.34110300954826,75982482.94506156,183360449.89573872,0.4143886153653432,126.4,131.8,118.0,119.8,22594.334,1631836799999.0,2021-09-16,0.2142669710396172,,green,,-5.45,
74,1631836800000.0,119.69960042078915,23481583.662206408,174127952.3426813,0.13485246536406165,119.8,120.1,109.0,111.9,16964.486,1631923199999.0,2021-09-17,0.2149279950640958,,red,,-6.59,
75,1631923200000.0,112.44343488067872,21457113.667855963,163488656.26518744,0.1312452751036828,112.1,144.0,111.6,120.7,77558.918,1632009599999.0,2021-09-18,0.21594876764098977,,green,,7.86,
76,1632009600000.0,121.01971351482082,50426440.762973234,176105324.26161772,0.2863425110762748,120.4,129.7,116.3,123.5,26662.827,1632095999999.0,2021-09-19,0.2269071141035284,,green,1.0,2.32,
77,1632096000000.0,121.37057749407505,29622886.493158214,175681401.97169852,0.16861708843791176,123.5,128.0,101.1,103.3,39351.654,1632182399999.0,2021-09-20,0.22932787510538008,,red,,-16.36,
78,1632182400000.0,103.86484833515573,31457757.48358363,150797550.95266104,0.2086092067467261,103.4,188.1,98.8,158.7,296597.521,1632268799999.0,2021-09-21,0.22838643404730025,,green,1.0,53.63,top
79,1632268800000.0,164.07261417415341,185807809.32072395,235636706.07204518,0.7885350818981225,158.8,234.8,148.5,153.2,890291.86,1632355199999.0,2021-09-22,0.26717486123536915,True,green,1.0,-3.47,
80,1632355200000.0,152.8234775981921,568152072.8369718,221156191.2488125,2.5690082182586083,153.7,163.2,141.8,143.0,106396.274,1632441599999.0,2021-09-23,0.4356570514725014,True,red,1.0,-6.66,
81,1632441600000.0,143.68353150083146,87098926.23127349,208460140.15699816,0.4178205299376487,143.0,144.9,124.9,131.1,58620.459,1632527999999.0,2021-09-24,0.4457852343628758,,red,,-8.32,bottom
82,1632528000000.0,130.79607667038815,51804161.038572475,193540694.16083,0.26766547088812154,130.6,140.3,128.2,137.1,35167.678,1632614399999.0,2021-09-25,0.45345393425747244,,red,,4.58,
83,1632614400000.0,136.72748653283168,40604883.42937425,197744273.4688139,0.2053403758151207,137.2,187.0,136.1,161.8,334697.124,1632700799999.0,2021-09-26,0.4555190839064213,,green,,18.02,top
84,1632700800000.0,163.14208451670527,270894557.4494071,214809677.1389229,1.2610910321056563,161.3,170.0,143.7,147.2,71806.915,1632787199999.0,2021-09-27,0.5364626637122699,True,green,1.0,-9.02,
85,1632787200000.0,147.54004620193462,74667887.17074172,214351160.06382066,0.348343751200181,147.1,149.3,130.7,138.3,59519.883,1632873599999.0,2021-09-28,0.5509895740600362,,red,,-6.05,
86,1632873600000.0,138.6504672871476,63080374.314431116,201191659.0784762,0.31353374490453495,138.3,149.3,135.7,138.1,38258.034,1632959999999.0,2021-09-29,0.5368138119358566,,red,,-0.14,bottom
87,1632960000000.0,138.982898302407,44445565.153458476,201484966.0775687,0.22058998256151577,138.2,144.7,137.0,138.9,27062.104,1633046399999.0,2021-09-30,0.5229710524498691,,red,,0.58,
88,1633046400000.0,139.1246103493343,32951611.44891802,202424379.53293577,0.16278479659885323,138.9,148.0,136.7,143.7,38147.379,1633132799999.0,2021-10-01,0.5249662189666399,,green,,3.46,top
89,1633132800000.0,143.85534575424364,37207019.31072941,209085047.65013024,0.17795160260808937,143.6,147.5,141.0,142.5,23056.517,1633219199999.0,2021-10-02,0.5283023852169546,,green,,-0.84,
90,1633219200000.0,143.2793287593674,24227751.885162096,208686108.60322526,0.11609662016951162,142.5,143.5,138.0,139.7,14210.892,1633305599999.0,2021-10-03,0.5161419644379002,,red,,-1.96,
91,1633305600000.0,139.80688288563195,16032335.406393813,203103076.80738387,0.07893694009174633,139.7,145.0,130.0,136.2,25539.371,1633391999999.0,2021-10-04,0.5097362395560312,,red,,-2.51,
92,1633392000000.0,136.60590096983168,25731032.44288209,198729217.60302067,0.12947785309698207,136.2,143.2,134.0,136.7,19304.535,1633478399999.0,2021-10-05,0.5040840000096208,,red,1.0,0.37,
93,1633478400000.0,136.84433416528893,19958736.436318286,199001844.35999194,0.1002942284304319,136.5,147.1,127.3,132.0,45629.156,1633564799999.0,2021-10-06,0.454923939047643,,red,,-3.44,
94,1633564800000.0,132.57727120454757,30872500.317082,192762520.49341512,0.16015821041381653,132.0,135.5,128.1,130.9,15174.324,1633651199999.0,2021-10-07,0.28286322420158644,,red,1.0,-0.83,
95,1633651200000.0,130.99370985592174,16533035.800046328,190324946.83735254,0.08686741320450804,130.9,133.5,129.8,131.4,10158.315,1633737599999.0,2021-10-08,0.25922371586350496,,red,,0.38,
96,1633737600000.0,131.34570030213416,11371965.757801855,190416208.33668375,0.059721626940993144,131.6,142.9,130.7,136.0,27201.852,1633823999999.0,2021-10-09,0.24437058415299578,,green,,3.5,
97,1633824000000.0,136.11804799376665,26131633.716433935,197816961.59867802,0.13210006616848455,135.6,136.3,130.3,130.4,9605.365,1633910399999.0,2021-10-10,0.23913913346395035,,red,1.0,-4.12,
98,1633910400000.0,130.94984119146656,11153985.446951326,190222226.9224349,0.058636604288622274,130.3,134.9,127.2,128.4,10381.038,1633996799999.0,2021-10-11,0.15324953147701934,,red,,-1.53,bottom
99,1633996800000.0,128.7340122417186,16354303.129489891,187030173.94911227,0.08744205699097313,128.4,132.7,125.2,129.5,10583.759,1634083199999.0,2021-10-12,0.13461369617636162,,red,1.0,0.86,
100,1634083200000.0,129.72041403411845,13791040.188354705,188807217.93527183,0.07304297123366672,129.6,132.8,127.2,130.8,7684.576,1634169599999.0,2021-10-13,0.11743578377129961,,red,,1.0,
101,1634169600000.0,131.04435649190495,12251301.651425635,190576785.6451558,0.06428538297543192,130.7,178.7,130.2,141.7,164786.236,1634255999999.0,2021-10-14,0.10627116951515078,,green,,8.33,
102,1634256000000.0,141.58607020296094,108180431.36258957,205468659.76735827,0.5265057526781787,142.1,142.3,130.8,134.2,31676.95,1634342399999.0,2021-10-15,0.13225123780653117,,red,1.0,-5.29,
103,1634342400000.0,134.49673932644208,31665249.258054543,195323450.7196146,0.16211698667719004,134.2,136.2,131.9,132.1,10536.323,1634428799999.0,2021-10-16,0.13112019381146692,,red,,-1.56,
104,1634428800000.0,132.34464761972362,13333193.991522737,191794424.82012695,0.06951815207364437,132.1,135.0,129.4,132.8,9967.8,1634515199999.0,2021-10-17,0.12779316037604785,,red,,0.53,
105,1634515200000.0,132.69804403728764,12159518.909140171,192654685.70318493,0.06311561468000751,132.9,168.4,131.3,134.3,128905.494,1634601599999.0,2021-10-18,0.12666306570378078,,green,,1.13,
106,1634601600000.0,134.4890376633669,69730202.89822814,196920884.91404286,0.35410262821368993,134.5,155.0,132.6,139.1,66825.434,1634687999999.0,2021-10-19,0.14270769249783136,,green,1.0,3.57,
107,1634688000000.0,138.8569570030909,44046149.32448142,201246884.9520901,0.2188662415071283,139.1,158.0,136.1,143.3,54247.276,1634774399999.0,2021-10-20,0.15117712200330966,,green,,3.02,top
108,1634774400000.0,143.61307639561508,39788012.30703488,209484467.186616,0.18993299523057403,143.3,151.0,139.8,139.9,25902.492,1634860799999.0,2021-10-21,0.15330389234736375,,green,,-2.37,
109,1634860800000.0,140.0038347262132,22856144.913527634,203827484.4742755,0.11213475440998363,139.9,143.9,138.0,139.3,11253.128,1634947199999.0,2021-10-22,0.15510870243346916,,red,,-0.43,
110,1634947200000.0,139.56337347220506,12742090.423008502,202886585.47150424,0.06280400645215722,139.1,140.6,135.5,140.5,7438.948,1635033599999.0,2021-10-23,0.15532887239855228,,red,,0.86,
111,1635033600000.0,140.43726490683287,10417245.385714505,203627786.1406605,0.05115827060320028,140.7,141.1,134.0,135.7,8115.109,1635119999999.0,2021-10-24,0.14954731557246057,,red,,-3.42,bottom
112,1635120000000.0,136.45045781134417,10915303.823324345,198133056.15631032,0.05509077604250493,135.7,143.4,135.4,141.6,12481.456,1635206399999.0,2021-10-25,0.14929404212630934,,green,,4.35,top
113,1635206400000.0,141.77342398625018,14312959.003911396,205947598.29609683,0.06949806223684746,141.6,144.0,136.9,137.5,9361.127,1635292799999.0,2021-10-26,0.14801232821530033,,green,1.0,-2.9,
114,1635292800000.0,137.80313931280563,10696476.898718666,200219932.8779117,0.053423636423058175,137.5,143.0,128.8,128.9,19262.878,1635379199999.0,2021-10-27,0.14661094715739975,,red,,-6.25,bottom
115,1635379200000.0,129.10902874184399,17848270.574861072,187695838.2706574,0.095091456152181,128.8,134.0,127.0,131.2,10266.778,1635465599999.0,2021-10-28,0.14881138095573898,,red,1.0,1.78,
116,1635465600000.0,131.2913082128185,12387332.514597429,191215198.42548105,0.06478215443436589,131.2,138.0,130.6,134.6,9453.403,1635551999999.0,2021-10-29,0.11583112393832376,,red,,2.59,
117,1635552000000.0,134.4549147469297,10631741.723660102,195758231.4423467,0.05431057302329218,134.8,135.1,128.3,129.2,10064.179,1635638399999.0,2021-10-30,0.1081306658201882,,red,,-4.01,
118,1635638400000.0,129.1724659331701,9494967.425727827,187908860.98010558,0.05052964174336135,129.3,133.0,128.4,131.2,10655.285,1635724799999.0,2021-10-31,0.10677434365373942,,red,,1.55,
119,1635724800000.0,131.21341070211074,10775222.538608935,190785105.04820028,0.056478321700672934,131.3,134.6,130.2,131.3,6922.925,1635811199999.0,2021-11-01,0.10630025129807266,,green,1.0,0.08,
120,1635811200000.0,131.4249160725918,8560275.09068988,190659915.1964758,0.04489813751290345,131.3,141.0,130.3,134.0,15427.785,1635897599999.0,2021-11-02,0.08421421624801649,,green,,2.06,
121,1635897600000.0,134.48725501748703,13853460.348701997,195703917.98381412,0.07078785387346083,134.1,136.5,131.5,132.6,10419.343,1635983999999.0,2021-11-03,0.07363718855989738,,green,1.0,-1.04,
122,1635984000000.0,132.94978534834686,12155259.665262297,193216215.81789815,0.06291014247333335,132.6,142.7,132.5,139.2,20381.222,1636070399999.0,2021-11-04,0.0645641276486659,,green,,4.98,top
123,1636070400000.0,140.16187684774462,18559266.97383616,199009423.55988166,0.09325823190604692,139.3,140.0,133.2,135.3,8349.451,1636156799999.0,2021-11-05,0.06321580461267041,,green,1.0,-2.8,
124,1636156800000.0,134.79909504210985,10950932.999964768,195978750.71866825,0.05587816515722702,134.9,135.3,131.7,133.9,4925.401,1636243199999.0,2021-11-06,0.06272110166303256,,red,,-1.03,
125,1636243200000.0,134.36243130135023,10191121.722990429,195497633.2739224,0.05212913093792339,133.9,134.8,132.3,133.1,4998.287,1636329599999.0,2021-11-07,0.06279044882979849,,red,,-0.6,bottom
126,1636329600000.0,133.75536282708399,8508901.303223066,194131682.37675712,0.043830564898261114,133.4,138.7,132.7,134.6,8203.835,1636415999999.0,2021-11-08,0.06198614803378107,,green,,1.13,
127,1636416000000.0,134.71159165699083,10710775.911576314,196080132.42123482,0.05462448326262132,134.4,148.0,134.0,140.2,14682.19,1636502399999.0,2021-11-09,0.06092374953562207,,green,1.0,4.16,top
128,1636502400000.0,140.71741726970473,16938275.056637347,206647448.07785776,0.08196701780829918,140.2,141.2,128.6,130.0,13719.525,1636588799999.0,2021-11-10,0.06296256249171071,,red,1.0,-7.28,
129,1636588800000.0,130.37908181666532,16534598.382428702,189112818.78944322,0.08743245692317768,130.0,132.4,128.2,131.0,7172.271,1636675199999.0,2021-11-11,0.06241549111821048,,red,,0.77,
130,1636675200000.0,130.98926751472624,8519824.237783188,190516199.8741162,0.04471968390831158,130.9,133.5,125.3,128.7,12913.373,1636761599999.0,2021-11-12,0.06098245750920659,,red,,-1.76,
131,1636761600000.0,129.42209381309715,15928946.256932463,187606419.64203298,0.08490618970995811,128.7,132.4,128.5,130.9,5400.743,1636847999999.0,2021-11-13,0.0631678587011113,,red,1.0,1.71,
132,1636848000000.0,131.14662839679372,7080133.105692385,190646389.0506642,0.03713751485642271,130.7,131.3,127.7,129.0,2721.945,1636934399999.0,2021-11-14,0.06221127820918711,,red,,-1.45,
133,1636934400000.0,129.25110011624045,5919547.8117142,187926388.95481086,0.03149928993281314,129.0,132.0,126.4,128.4,8661.795,1637020799999.0,2021-11-15,0.06042706165433998,,red,,-0.47,
134,1637020800000.0,128.73150358870384,8972680.023290345,187170914.54070055,0.047938431274476806,128.3,128.3,115.1,116.5,10122.444,1637107199999.0,2021-11-16,0.060644225494452364,,red,1.0,-9.27,
135,1637107200000.0,117.29425439959107,10451087.591117473,170585135.93331096,0.06126610934731882,116.4,119.4,111.5,114.0,9122.18,1637193599999.0,2021-11-17,0.059964100885442226,,red,1.0,-2.15,
136,1637193600000.0,114.27292424658962,9824289.019124059,165258260.55639198,0.05944809648877832,114.0,118.6,104.6,105.3,10650.708,1637279999999.0,2021-11-18,0.059716811886545436,,red,,-7.63,bottom
137,1637280000000.0,105.30097152482512,10635211.866697218,153076183.37036717,0.06947659415420208,105.5,118.9,103.2,112.4,18474.425,1637366399999.0,2021-11-19,0.05801812347569937,,red,1.0,6.74,
138,1637366400000.0,113.6214176008437,15378087.879760183,165127705.32048672,0.09312845382253541,112.5,130.0,112.4,116.2,20791.601,1637452799999.0,2021-11-20,0.060678858380364256,,green,1.0,3.38,top
139,1637452800000.0,117.023382459467,20564400.509426948,169988198.22298107,0.12097546020490028,116.2,117.7,114.3,114.8,7415.158,1637539199999.0,2021-11-21,0.06559645332800547,,green,1.0,-1.2,
140,1637539200000.0,115.55529014080415,8101995.682728897,168564113.77236092,0.04806477192215609,114.6,114.7,108.3,108.6,6205.61,1637625599999.0,2021-11-22,0.06589889668685511,,red,,-5.4,
141,1637625600000.0,108.69267217033799,8970195.58310296,157878650.50543764,0.05681702721923133,108.6,111.4,107.0,110.0,4820.667,1637711999999.0,2021-11-23,0.06605550696947012,,red,1.0,1.29,
142,1637712000000.0,110.36897240589762,7653639.356366798,160385941.7045074,0.047720138529770556,110.2,110.3,103.4,104.7,7962.63,1637798399999.0,2021-11-24,0.06360930130671806,,red,,-4.82,
143,1637798400000.0,104.652886174616,8809987.590132937,152150138.58981848,0.057903250511547544,104.8,111.0,104.4,110.9,7223.174,1637884799999.0,2021-11-25,0.06150007227731591,,red,1.0,5.92,
144,1637884800000.0,110.68045407716522,9809396.203212993,160925346.4295034,0.06095619130768935,110.9,112.7,98.2,100.4,13225.725,1637971199999.0,2021-11-26,0.0626598228058429,,red,,-9.47,bottom
145,1637971200000.0,100.63380031176222,12584793.611596182,146145614.53244355,0.08611133253541743,100.6,106.0,100.2,101.1,8918.898,1638057599999.0,2021-11-27,0.06274590443623285,,red,1.0,0.7,
146,1638057600000.0,101.08597997217885,8451071.31232769,146745377.5498725,0.057590034203670454,101.1,103.8,96.8,103.2,7141.57,1638143999999.0,2021-11-28,0.06420679867532197,,red,,2.08,
147,1638144000000.0,103.23681594785538,7926496.837776646,149880561.95584598,0.052885422461331245,103.4,120.0,101.5,109.1,49164.051,1638230399999.0,2021-11-29,0.06573437957021612,,green,,5.72,top
148,1638230400000.0,109.39708023427242,26899203.34418551,159059367.6350715,0.1691142354212052,109.3,109.4,104.1,104.3,9091.081,1638316799999.0,2021-11-30,0.0743897941521253,,green,1.0,-4.4,
149,1638316800000.0,104.40082450581386,9381499.681619285,151794993.89666942,0.06180374886411275,104.2,108.5,103.0,104.4,8688.493,1638403199999.0,2021-12-01,0.07442819697475343,,red,,0.1,
150,1638403200000.0,104.34902065309579,9215105.937456131,151690496.6561467,0.060749395252789044,104.3,104.3,98.7,101.3,6758.848,1638489599999.0,2021-12-02,0.07452114688646848,,red,,-2.97,
151,1638489600000.0,101.29682254233961,8001739.507075854,147330620.68166476,0.054311449107141835,101.1,103.9,95.6,96.8,8839.596,1638575999999.0,2021-12-03,0.0734379222402499,,red,,-4.44,
152,1638576000000.0,97.37889080211414,8595631.286256181,141513042.12740523,0.06074091233596315,96.9,110.0,83.8,90.1,37326.479,1638662399999.0,2021-12-04,0.07112452641978044,,red,1.0,-6.92,
153,1638662400000.0,89.76449816463168,23501072.800899297,130479081.46054381,0.18011372043576118,90.2,109.2,89.2,97.3,60540.26,1638748799999.0,2021-12-05,0.07534868786484195,,red,1.0,7.99,
154,1638748800000.0,97.42188202511498,32545946.52598907,141647865.880416,0.22976658577733516,97.4,97.8,86.2,94.0,16338.993,1638835199999.0,2021-12-06,0.0883273888544976,,red,1.0,-3.39,
155,1638835200000.0,94.22139558616895,15461200.34452563,137037257.67174074,0.11282479383498328,94.1,103.9,92.4,93.2,46628.309,1638921599999.0,2021-12-07,0.0923279436127656,,green,,-0.85,
156,1638921600000.0,93.36305648906058,17521693.446659245,135746481.47670648,0.12907659378019234,93.2,103.0,88.3,92.2,51466.924,1639007999999.0,2021-12-08,0.09813911898779572,,red,1.0,-1.07,
157,1639008000000.0,92.20939069821586,18640497.776887406,134082268.17682226,0.13902284045721147,92.2,98.3,83.3,83.4,22478.269,1639094399999.0,2021-12-09,0.103933375412486,,red,,-9.54,
158,1639094400000.0,83.77593780542297,12789094.345476517,122338944.22209413,0.10453821084363123,83.4,86.0,81.1,81.1,6071.582,1639180799999.0,2021-12-10,0.10704637680791042,,red,,-2.76,
159,1639180800000.0,81.49048808564379,6867869.027908794,118877118.78583649,0.05777284222611105,81.2,95.8,80.4,85.6,112231.186,1639267199999.0,2021-12-11,0.10502219892867425,,red,,5.55,
160,1639267200000.0,85.66618512969714,35732082.93456667,124555511.03611423,0.28687677194954736,85.7,91.2,83.1,86.7,34544.545,1639353599999.0,2021-12-12,0.12139982305337974,,green,1.0,1.29,
161,1639353600000.0,86.6621984530219,15861556.260522641,125909739.12878317,0.12597561054668777,86.5,86.6,80.8,83.9,9240.954,1639439999999.0,2021-12-13,0.12662055077376236,,red,,-3.23,
162,1639440000000.0,83.98374318143367,8501260.946065579,122109301.7606891,0.06962009301082096,83.9,114.4,81.2,83.4,196433.032,1639526399999.0,2021-12-14,0.11951382631587777,,green,,-0.6,
163,1639526400000.0,83.37309284539592,54726986.14391217,121032338.8790762,0.45216829362101374,83.4,87.7,80.4,85.0,18541.224,1639612799999.0,2021-12-15,0.14739700808422782,,red,1.0,1.92,
164,1639612800000.0,85.20011633891053,11485731.538367104,123805150.44271375,0.09277264715801707,85.1,86.9,83.7,84.1,9528.461,1639699199999.0,2021-12-16,0.14968438322031555,,red,,-1.06,
165,1639699200000.0,84.01447999074026,7330064.526987147,122153991.9612041,0.060006753846531376,84.1,87.1,81.3,84.9,10595.865,1639785599999.0,2021-12-17,0.1500911907017005,,red,,0.95,
166,1639785600000.0,84.90086050585654,7533712.703775658,123416267.27057034,0.061043109392210054,85.0,92.9,83.2,85.4,27343.958,1639871999999.0,2021-12-18,0.15011277620571814,,green,,0.59,
167,1639872000000.0,85.38421354993392,12772253.771660725,124145534.63571896,0.10288129822098259,85.2,85.8,82.9,82.9,5781.07,1639958399999.0,2021-12-19,0.14459617461894822,,red,1.0,-2.93,
168,1639958400000.0,82.9792095881543,5557851.01539623,120685213.28488651,0.04605246048061004,82.9,83.2,76.8,79.7,7944.729,1640044799999.0,2021-12-20,0.1314737370977536,,red,,-3.86,bottom
169,1640044800000.0,79.74485823395757,7699333.707858548,116106385.17473616,0.06631275012370175,79.6,83.3,79.6,82.8,5507.475,1640131199999.0,2021-12-21,0.1281514482612335,,red,1.0,3.89,
170,1640131200000.0,82.7640618109778,5494946.371458644,120533157.7095863,0.04558867017072778,82.7,85.6,81.0,81.7,9713.117,1640217599999.0,2021-12-22,0.12218802514627172,,green,,-1.33,
171,1640217600000.0,82.00125742695136,7442699.815715928,119427733.38621521,0.062319694133749604,81.7,85.1,80.6,84.4,7151.945,1640303999999.0,2021-12-23,0.11670922898031018,,green,1.0,3.3,
172,1640304000000.0,84.55680209081078,6631987.806317889,122956985.93008065,0.05393746240729389,84.3,85.1,82.1,82.3,5458.609,1640390399999.0,2021-12-24,0.11309488980628608,,green,,-2.49,
173,1640390400000.0,82.53707500029871,5278330.016783619,120029132.6337615,0.04397540747785879,82.3,85.2,82.1,84.4,5277.804,1640476799999.0,2021-12-25,0.11210935875283948,,green,,2.55,
174,1640476800000.0,84.47093643900489,5218516.115869346,122817663.00122128,0.04248994801193582,84.4,87.0,82.5,87.0,7180.288,1640563199999.0,2021-12-26,0.0946531570430101,,green,,3.08,
175,1640563200000.0,86.849409088464,7064555.971436612,126275875.5490344,0.05594541269835316,86.9,90.2,85.6,87.2,9167.088,1640649599999.0,2021-12-27,0.08965100005384333,,green,1.0,0.23,
176,1640649600000.0,87.09052008542275,7550556.959519997,126626442.15121421,0.059628595980792905,87.2,131.9,84.7,124.5,487794.807,1640735999999.0,2021-12-28,0.08893732169455561,,green,,42.78,top
177,1640736000000.0,120.84206838910642,204067351.4668235,175860033.21398407,1.1603964114945726,124.5,128.0,91.7,93.1,196088.434,1640822399999.0,2021-12-29,0.1395250443998098,True,green,1.0,-25.22,
178,1640822400000.0,92.68433048503984,86448243.42567648,134228106.26763007,0.644039805294668,92.9,100.8,88.9,89.1,38614.962,1640908799999.0,2021-12-30,0.17890126998099917,,red,,-4.3,
179,1640908800000.0,89.27627576212778,22381675.51134231,129804451.24429923,0.1724261016998465,89.1,96.6,88.4,88.4,20705.336,1640995199999.0,2021-12-31,0.18693122339909313,,red,,-0.79,bottom
180,1640995200000.0,88.64967474377687,15869732.604118722,129366065.65957376,0.12267307135922223,88.7,115.8,88.5,98.6,135233.236,1641081599999.0,2022-01-01,0.191333363539594,,green,,11.54,top
181,1641081600000.0,98.55818563436512,58545412.26019925,143300009.915172,0.40855134828571077,98.6,100.1,94.8,96.2,26658.008,1641167999999.0,2022-01-02,0.21316693854421742,,green,1.0,-2.43,
182,1641168000000.0,96.14877122921892,16420307.133203039,139856313.85309142,0.11740840782098219,96.1,96.4,91.2,93.1,10388.707,1641254399999.0,2022-01-03,0.21826379192567255,,red,,-3.22,
183,1641254400000.0,92.61459320295515,8777316.388052322,134642052.39874896,0.0651900073690044,93.1,94.4,90.4,90.7,11384.609,1641340799999.0,2022-01-04,0.21818359601462275,,red,,-2.58,
184,1641340800000.0,90.67266880773347,8455273.986283777,132923775.34907292,0.06360994460230511,90.7,98.2,85.9,86.8,23380.313,1641427199999.0,2022-01-05,0.21947082990259256,,red,,-4.3,
185,1641427200000.0,86.97787326030776,15320129.680543808,126839205.24408911,0.1207838668735095,86.8,86.8,80.2,83.5,27001.663,1641513599999.0,2022-01-06,0.22364684224114684,,red,1.0,-3.8,
186,1641513600000.0,83.45836478603397,16815530.817689847,121449732.88465771,0.13845671306382998,83.4,83.5,77.6,77.9,16441.586,1641599999999.0,2022-01-07,0.22968393157375658,,red,1.0,-6.71,
187,1641600000000.0,77.9658420654385,12275212.660329185,113524022.74568512,0.10812876749292033,78.0,81.2,73.0,74.9,11342.074,1641686399999.0,2022-01-08,0.23426631443197524,,red,,-3.85,
188,1641686400000.0,74.85769149448748,8713948.49597067,109097523.98216368,0.079873017992556,74.7,78.5,74.1,75.7,13245.458,1641772799999.0,2022-01-09,0.23693653371630524,,red,,1.07,
189,1641772800000.0,75.6565353750179,8683014.120979292,109427306.02380465,0.07934961059070944,75.7,77.2,70.1,72.6,12679.307,1641859199999.0,2022-01-10,0.23860826213718786,,red,,-4.1,bottom
190,1641859200000.0,72.63779460548068,8725856.957838774,105624917.3186821,0.08261172817311557,72.7,76.5,72.1,75.3,10415.977,1641945599999.0,2022-01-11,0.24024991443663948,,red,,3.72,
191,1641945600000.0,75.6318126723923,7758608.842886136,110263902.30257426,0.07036399656522042,75.2,77.7,74.1,77.1,7519.465,1642031999999.0,2022-01-12,0.16239045622740003,,green,,2.39,
192,1642032000000.0,77.26714628883632,6424641.559869464,112361135.32147466,0.057178503416577486,77.1,79.1,74.1,75.2,7552.762,1642118399999.0,2022-01-13,0.12047179180753642,,green,,-2.46,
193,1642118400000.0,75.33459023156628,6105414.63784736,109568321.0366731,0.055722444042962435,75.2,86.0,73.8,78.3,43168.654,1642204799999.0,2022-01-14,0.11213581626061613,,green,,4.12,top
194,1642204800000.0,78.43828521129433,17292608.937285192,113708338.73374139,0.15207863495198395,78.5,80.4,77.0,77.0,8209.593,1642291199999.0,2022-01-15,0.1142362136600991,,green,1.0,-1.66,
195,1642291200000.0,77.12656418238758,7787443.732844733,112130910.4689367,0.06944957193584962,76.9,78.3,76.0,76.8,5495.767,1642377599999.0,2022-01-16,0.0900146582065376,,red,,-0.26,
196,1642377600000.0,76.74081124084168,5814168.402983162,111568980.5784721,0.05211276801882907,76.8,83.0,74.5,76.4,24372.172,1642463999999.0,2022-01-17,0.08535068393495525,,green,,-0.52,
197,1642464000000.0,76.40829516998707,11919480.250845382,111171552.07709804,0.10721699956639232,76.2,76.5,72.8,73.2,7085.624,1642550399999.0,2022-01-18,0.08835261194905439,,red,1.0,-4.19,
198,1642550400000.0,73.45758533059814,6331329.203407485,107334925.95892951,0.058986663910590445,73.3,73.5,71.3,71.7,8273.963,1642636799999.0,2022-01-19,0.0880223776139319,,red,,-2.05,
199,1642636800000.0,71.76731886102348,7166022.715918156,104347066.0318657,0.06867488457921551,71.7,74.8,69.5,69.9,5800.488,1642723199999.0,2022-01-20,0.08430030745005375,,red,1.0,-2.51,
200,1642723200000.0,69.86279816270111,6101640.87228211,101814004.91920808,0.059929288481716365,69.7,70.5,59.9,60.7,16207.871,1642809599999.0,2022-01-21,0.0786912056941885,,red,,-13.16,
201,1642809600000.0,60.382266366880174,10162691.687892346,88221030.73554291,0.11519579405455702,60.7,64.2,51.9,53.2,30334.414,1642895999999.0,2022-01-22,0.07919599330573399,,red,1.0,-12.36,bottom
202,1642896000000.0,53.3610918634472,12176867.0381992,77353347.2159904,0.1574187475585027,53.2,56.7,52.8,56.3,19016.197,1642982399999.0,2022-01-23,0.08473497398901587,,red,1.0,5.83,
203,1642982400000.0,56.19879703626868,9354211.223566605,81351474.7981144,0.11498514620393115,56.1,62.2,49.9,53.4,38170.884,1643068799999.0,2022-01-24,0.0872803693899603,,red,,-5.15,
204,1643068800000.0,53.715001304282175,16108260.714391831,78099654.22915831,0.20625265083923833,53.5,55.0,51.6,53.3,18214.753,1643155199999.0,2022-01-25,0.09611186386611191,,red,1.0,-0.19,
205,1643155200000.0,53.426746845758565,7550492.858679524,77396574.25159001,0.09755590517657063,53.3,57.1,52.4,53.8,21705.858,1643241599999.0,2022-01-26,0.09805414305263692,,red,,0.94,
206,1643241600000.0,53.98096110766182,8843019.478101706,78502390.28536631,0.11264649962830674,53.7,55.6,51.7,53.2,13247.413,1643327999999.0,2022-01-27,0.10201614278204615,,red,1.0,-1.12,
207,1643328000000.0,53.327401208971246,6454316.414164127,77242756.79470296,0.08355885628627306,53.4,56.5,52.3,56.3,8241.6,1643414399999.0,2022-01-28,0.10400445794228264,,green,,5.83,
208,1643414400000.0,56.444035623789624,6995729.573100033,81981701.66091858,0.08533281734056712,56.3,60.0,54.9,58.1,15990.353,1643500799999.0,2022-01-29,0.09923689954146715,,green,,3.2,top
209,1643500800000.0,58.22859198069424,8809394.597041624,84595029.49118704,0.10413607808907226,58.3,58.3,55.4,55.9,6238.617,1643587199999.0,2022-01-30,0.1017145071238402,,green,1.0,-3.79,
210,1643587200000.0,55.669946016322115,4943430.124599484,80820233.41008307,0.061165749169721464,55.7,56.8,53.5,56.6,6462.864,1643673599999.0,2022-01-31,0.10236114863461822,,red,,1.25,
211,1643673600000.0,56.635075230312,5106016.854882343,82293956.92727265,0.06204607295034785,56.3,63.8,56.2,56.3,18196.497,1643759999999.0,2022-02-01,0.09913465387632933,,green,,-0.53,
212,1643760000000.0,56.47325929072251,8565985.094199006,82182792.68238446,0.10423088355374285,56.3,56.9,54.2,54.9,6561.511,1643846399999.0,2022-02-02,0.10236638385084021,,red,1.0,-2.49,bottom
213,1643846400000.0,55.03707482928581,5242586.004284261,80063447.31320664,0.06548039311591676,54.9,57.4,54.1,57.4,6214.126,1643932799999.0,2022-02-03,0.10213820588917602,,red,,4.55,
214,1643932800000.0,56.96479541993074,5536713.967575378,82808647.66828929,0.0668615431295783,57.2,60.3,56.2,59.7,10702.037,1644019199999.0,2022-02-04,0.10263336693545187,,green,,4.01,
215,1644019200000.0,59.74360936247763,7434545.078014912,86461179.98947467,0.0859870878343316,59.7,62.3,59.1,60.7,5780.601,1644105599999.0,2022-02-05,0.10054703077686433,,green,1.0,1.68,
216,1644105600000.0,60.88310121692988,6160477.265590839,88698379.88712026,0.06945422535824007,60.8,66.2,60.8,62.5,13428.152,1644191999999.0,2022-02-06,0.09426385061970274,,green,,2.97,
217,1644192000000.0,62.67628399416471,8003212.096976722,91019292.78057936,0.0879287440330931,62.6,65.4,61.4,63.5,10736.408,1644278399999.0,2022-02-07,0.09233125046464286,,green,1.0,1.6,
218,1644278400000.0,63.58609042115083,6900267.443946516,92454620.31772245,0.0746341007105279,63.5,64.3,60.8,62.1,7433.86,1644364799999.0,2022-02-08,0.08292992545544926,,green,,-2.2,
219,1644364800000.0,62.28310274091564,6297694.41896867,90530840.2406719,0.06956407785707668,62.0,69.3,61.0,65.6,10146.262,1644451199999.0,2022-02-09,0.08093050921834256,,green,,5.64,top
220,1644451200000.0,65.71398764562198,7209941.673340439,95551452.158786,0.07545611825301267,65.6,66.0,61.1,61.1,11251.827,1644537599999.0,2022-02-10,0.07827405340582157,,green,,-6.86,
221,1644537600000.0,61.24517157826327,6293005.471702055,89027215.02608551,0.07068631170657384,61.1,62.5,57.5,57.7,6876.447,1644623999999.0,2022-02-11,0.07735458593584302,,red,,-5.56,
222,1644624000000.0,57.75608017745702,5146519.57707044,83993737.1376069,0.06127265856308905,57.7,58.6,56.9,57.8,2780.45,1644710399999.0,2022-02-12,0.07563600316602317,,red,,0.17,
223,1644710400000.0,57.82456227822371,3829481.450308843,84062942.74675372,0.0455549297369408,57.8,71.7,56.4,56.5,76542.79,1644796799999.0,2022-02-13,0.0714516354265852,,green,,-2.25,
224,1644796800000.0,56.731575318142674,16125828.96767973,82598247.35244325,0.19523209613481865,56.5,60.0,54.3,55.9,18169.13,1644883199999.0,2022-02-14,0.08102780306694927,,red,1.0,-1.06,bottom
225,1644883200000.0,56.12834674857449,6534042.266963186,81649332.02324982,0.08002566714327318,55.9,61.5,55.7,61.0,9558.834,1644969599999.0,2022-02-15,0.0823120597950154,,green,,9.12,
226,1644969600000.0,60.760582847373165,5770838.309611679,88369764.52925144,0.06530331205874677,60.9,67.3,59.9,61.6,36482.877,1645055999999.0,2022-02-16,0.07953151897394424,,green,,0.98,top
227,1645056000000.0,61.66035111753646,11370091.352654979,89664655.0263978,0.12680683764753858,61.5,61.9,55.3,56.4,9037.933,1645142399999.0,2022-02-17,0.08391197929763151,,red,1.0,-8.44,
228,1645142400000.0,56.54145217151294,5567017.186081725,82214508.74266359,0.06771331813836931,56.4,58.9,55.6,56.0,13970.663,1645228799999.0,2022-02-18,0.08397282036968802,,red,,-0.71,
229,1645228800000.0,55.958606646917175,6222530.689201271,81475505.5547744,0.07637302336243848,55.9,56.6,54.1,54.8,2888.328,1645315199999.0,2022-02-19,0.08328610147883851,,red,1.0,-2.14,
230,1645315200000.0,54.69957772975664,3284014.4035220435,79394216.88028151,0.041363395629608724,54.7,59.9,51.0,54.0,46542.876,1645401599999.0,2022-02-20,0.08127961364107912,,red,,-1.46,
231,1645401600000.0,54.340146599524395,12198320.557919128,79099992.94288716,0.15421392725947175,54.0,56.4,52.4,52.8,10047.443,1645487999999.0,2022-02-21,0.08601426958582047,,red,1.0,-2.22,
232,1645488000000.0,52.917611712999935,6936903.203794399,77001486.63675761,0.09008791267262342,52.8,54.9,50.1,54.3,12419.62,1645574399999.0,2022-02-22,0.0871181132973987,,red,,2.84,
233,1645574400000.0,54.37848678429329,7672467.38467033,78960749.02881919,0.0971681180718033,54.3,55.5,50.6,51.1,9015.303,1645660799999.0,2022-02-23,0.08908983045559346,,red,,-5.89,
234,1645660800000.0,51.09528916508761,6031446.948921337,74284917.17330414,0.08119342631627602,51.0,51.1,44.2,49.1,20860.685,1645747199999.0,2022-02-24,0.08949963817439799,,red,,-3.91,bottom
235,1645747200000.0,49.16330004778186,10092615.077059172,71497675.28613663,0.14116004522759815,49.2,53.5,48.5,52.7,7756.944,1645833599999.0,2022-02-25,0.09453347628304258,,red,1.0,7.33,
236,1645833600000.0,52.84487784613506,6794276.345775024,76905962.38248678,0.08834524834347869,52.7,54.1,51.4,52.8,7143.047,1645919999999.0,2022-02-26,0.09646723269592757,,green,,0.19,
237,1645920000000.0,52.8944523653355,4760187.231152085,76839644.1991779,0.06194962614367511,52.7,54.6,50.2,51.0,5939.685,1646006399999.0,2022-02-27,0.09763828243926573,,green,,-3.41,
238,1646006400000.0,51.298556227885804,5159533.00341766,74441459.73392056,0.06930993859953323,51.4,57.7,50.4,57.7,11541.384,1646092799999.0,2022-02-28,0.08864384261531676,,green,1.0,13.14,
239,1646092800000.0,56.833075448139596,8663856.744216336,82473232.44493173,0.10505052957638451,57.6,61.2,56.8,58.8,13355.289,1646179199999.0,2022-03-01,0.09043133278911043,,green,1.0,1.91,
240,1646179200000.0,58.76605805866237,8423810.801273832,85168739.764221,0.09890730829872672,58.8,62.5,57.3,60.5,9547.882,1646265599999.0,2022-03-02,0.09283161823482329,,green,,2.89,top
241,1646265600000.0,60.551326423592414,11572098.139002362,87958754.4932366,0.13156277855085105,60.5,61.6,56.5,57.3,6537.77,1646351999999.0,2022-03-03,0.0931713282993456,,green,1.0,-5.29,
242,1646352000000.0,57.442769115741065,13227978.691539392,83470822.31387913,0.1584742826876393,57.3,74.4,51.5,51.7,121909.82,1646438399999.0,2022-03-04,0.09965425433857918,,green,1.0,-9.77,
243,1646438400000.0,51.90839834608743,25089507.951731935,75519541.26511045,0.33222537546481534,51.7,56.7,50.8,53.0,42103.58,1646524799999.0,2022-03-05,0.1179294223458918,,red,1.0,2.51,
244,1646524800000.0,53.04861145996958,11611027.702579478,77193448.07642159,0.1504146788608866,53.1,67.7,51.3,52.7,156250.2,1646611199999.0,2022-03-06,0.12571879971955452,,green,,-0.57,
245,1646611200000.0,52.79124685875242,34001728.98764554,76831643.58163494,0.4425485047904529,52.8,57.0,50.9,50.9,43291.443,1646697599999.0,2022-03-07,0.14631412668605318,,red,1.0,-3.42,bottom
246,1646697600000.0,51.33532392996081,13397907.552296191,74691731.60028002,0.17937604692305678,50.8,54.1,50.4,51.6,23184.692,1646783999999.0,2022-03-08,0.15269185056108414,,red,,1.38,
247,1646784000000.0,51.562799863709515,9283856.166036677,75048159.19733039,0.12370531489820902,51.8,54.3,51.5,52.6,14171.58,1646870399999.0,2022-03-09,0.1545873646201131,,red,,1.94,
248,1646870400000.0,52.52460609618219,7087908.262979173,76328180.92967774,0.09286096139916351,52.5,53.0,50.1,52.1,14944.871,1646956799999.0,2022-03-10,0.1554207599831765,,red,,-0.95,
249,1646956800000.0,52.05087926652327,7054498.153163225,75652011.14863269,0.09324931414319348,52.0,53.4,50.4,51.3,20130.576,1647043199999.0,2022-03-11,0.151998564905719,,red,,-1.54,
250,1647043200000.0,51.33058025876984,8275917.226490971,74715841.286001,0.11076522841805402,51.2,54.0,51.2,51.9,6191.755,1647129599999.0,2022-03-12,0.15359999205390298,,green,1.0,1.17,
251,1647129600000.0,52.04164622857379,4409778.207087005,75655846.09348024,0.0582873424168476,51.9,55.4,50.8,51.0,19764.472,1647215999999.0,2022-03-13,0.15333840035912957,,green,,-1.73,
252,1647216000000.0,51.039841546128635,8419243.66012613,74248173.4960646,0.11339327640931635,51.1,52.4,50.8,52.1,5761.328,1647302399999.0,2022-03-14,0.1564872102026855,,red,1.0,2.16,
253,1647302400000.0,51.89945835390861,7349273.514149572,75245094.43078704,0.09767113151688153,52.1,54.5,50.6,52.4,19013.635,1647388799999.0,2022-03-15,0.15596011034129242,,green,,0.58,
254,1647388800000.0,52.587654992273386,7772921.122693565,76521904.37202261,0.10157772714207887,52.4,54.8,51.9,53.9,11682.831,1647475199999.0,2022-03-16,0.15615085454438904,,green,,2.86,
255,1647475200000.0,53.95454255194389,7703254.344032588,78254926.57837956,0.09843794737085422,54.1,54.4,53.1,54.0,6978.578,1647561599999.0,2022-03-17,0.15378479517438923,,green,,0.19,
256,1647561600000.0,54.026985602869374,4549048.366102869,78542574.7052229,0.05791824858270615,54.1,55.6,53.2,55.6,7026.601,1647647999999.0,2022-03-18,0.14660222130975115,,green,,2.96,
257,1647648000000.0,55.237386654410365,6839111.231078695,80368348.5494637,0.08509707309550449,55.6,64.3,55.5,58.7,45827.756,1647734399999.0,2022-03-19,0.12895019971194324,,green,1.0,5.58,top
258,1647734400000.0,58.673183317497696,12430739.61069586,85324105.19420534,0.14568848489418526,58.7,85.0,55.6,55.9,221290.179,1647820799999.0,2022-03-20,0.12861261442860744,,green,1.0,-4.77,bottom
259,1647820800000.0,55.93042430778399,45024409.5541237,81259073.78281501,0.5540847004294263,56.1,59.5,55.0,57.6,26380.194,1647907199999.0,2022-03-21,0.13657948554567698,,red,1.0,3.04,
260,1647907200000.0,57.5286490407747,8573059.515390897,83583049.79010223,0.10256935511350658,57.6,59.2,57.5,58.3,7345.21,1647993599999.0,2022-03-22,0.13109329327356625,,red,,1.22,
261,1647993600000.0,58.30612099573316,4326783.161399042,84664563.21945037,0.05110500777266198,58.3,58.9,56.7,57.7,7293.224,1648079999999.0,2022-03-23,0.1259075570503129,,red,,-1.03,
262,1648080000000.0,57.58486382567477,4138512.2963411706,83630888.79011875,0.04948545156236757,57.8,59.1,57.3,58.4,11075.467,1648166399999.0,2022-03-24,0.1228093063476846,,green,,1.21,
263,1648166400000.0,58.41682258916086,4983765.755606842,84914741.81423959,0.05869140798319074,58.5,59.5,57.9,57.9,6502.644,1648252799999.0,2022-03-25,0.12034088447911298,,green,1.0,-0.86,
264,1648252800000.0,57.93040619276784,3722004.8963316157,84240497.31849982,0.04418308313469841,57.8,58.5,57.6,58.3,5787.483,1648339199999.0,2022-03-26,0.11558501695887329,,red,,0.69,
265,1648339200000.0,58.18286829524973,3124681.333025711,84564605.80082518,0.03695022643853228,58.3,60.3,58.2,59.8,10281.508,1648425599999.0,2022-03-27,0.11406093724613649,,green,,2.57,
266,1648425600000.0,59.662281668481626,5067888.300470653,86736430.75171535,0.05842860095289807,59.8,62.9,59.8,60.6,16526.77,1648511999999.0,2022-03-28,0.11013488899924946,,green,1.0,1.34,
267,1648512000000.0,60.69798160287065,6610511.747858663,88426459.33619963,0.07475716880990713,60.6,63.0,60.4,61.0,16178.426,1648598399999.0,2022-03-29,0.10849817737732272,,green,1.0,0.66,
268,1648598400000.0,60.95301193985724,6008996.26617875,88666595.62903519,0.06777068887723277,60.9,62.7,58.9,61.5,9474.509,1648684799999.0,2022-03-30,0.10608338892983371,,green,,0.82,
269,1648684800000.0,61.5119889530339,4796832.071484418,89521918.60449226,0.05358276661469708,61.5,63.4,59.3,59.7,11015.351,1648771199999.0,2022-03-31,0.10287944744725105,,green,,-2.93,
270,1648771200000.0,59.78375851853674,6429304.523845119,86756538.77399029,0.07410743460610063,59.8,75.0,58.5,62.0,103079.235,1648857599999.0,2022-04-01,0.10403581787749351,,green,1.0,3.85,
271,1648857600000.0,61.66257507335285,24950490.42638048,89502824.29849185,0.27876763243996205,62.0,63.6,61.0,61.9,17690.556,1648943999999.0,2022-04-02,0.11786942925924049,,red,1.0,-0.16,
272,1648944000000.0,61.96196147809722,8985242.33984682,90201074.09348254,0.099613473898711,62.0,64.0,61.1,63.7,10279.895,1649030399999.0,2022-04-03,0.11457835704527805,,green,,2.91,top
273,1649030400000.0,63.73548879129119,6803238.024249619,92522031.81855512,0.07353100543221364,63.7,63.8,59.5,61.7,13992.288,1649116799999.0,2022-04-04,0.08025309311690572,,red,,-3.14,
274,1649116800000.0,61.613326602002196,7768392.284967406,89515966.82380812,0.08678219719458233,61.6,65.6,60.5,60.5,13993.679,1649203199999.0,2022-04-05,0.0791254389798397,,red,1.0,-1.94,
275,1649203200000.0,60.88726405217067,6080103.496728584,88712988.44565605,0.06853679042109087,60.5,60.6,56.8,57.3,8738.681,1649289599999.0,2022-04-06,0.08037056631187033,,red,,-5.29,
276,1649289600000.0,57.268514088301224,5681691.007963111,83248850.88372244,0.06824948269735272,57.1,58.2,56.0,57.8,3779.975,1649375999999.0,2022-04-07,0.08171085425008355,,red,,0.87,
277,1649376000000.0,57.76307581137441,3333921.659955976,84034950.29845911,0.03967303661292351,57.7,61.7,55.9,55.9,12774.734,1649462399999.0,2022-04-08,0.08035239915220731,,red,,-3.29,
278,1649462400000.0,56.01777193898121,5964142.834354136,81424570.29077227,0.07324745851351509,56.0,57.9,55.8,57.5,2804.685,1649548799999.0,2022-04-09,0.08242842596497994,,red,1.0,2.86,
279,1649548800000.0,57.51655217578043,3294174.7954438967,83584518.02906148,0.039411303350442795,57.5,61.0,56.5,56.6,13312.628,1649635199999.0,2022-04-10,0.08260421717297355,,green,,-1.57,
280,1649635200000.0,56.94700017801713,6392920.2180885505,82979215.00450669,0.0770424282483432,56.6,56.8,51.8,52.2,9410.184,1649721599999.0,2022-04-11,0.08393377626550534,,red,1.0,-7.77,bottom
281,1649721600000.0,52.2315777288232,4845933.78867363,76019121.76191536,0.0637462480012678,52.2,55.2,51.9,54.6,4539.227,1649807999999.0,2022-04-12,0.08314728192203111,,red,,4.6,
282,1649808000000.0,54.631689502458464,4238784.456153762,79230809.50092097,0.05349919409954395,54.6,56.5,54.2,56.2,5057.205,1649894399999.0,2022-04-13,0.08212788943791048,,green,,2.93,
283,1649894400000.0,56.22161895355411,4444155.62422602,81735648.76116267,0.054372305005030985,56.2,56.5,53.5,53.8,3570.926,1649980799999.0,2022-04-14,0.08218428503722006,,red,,-4.27,
284,1649980800000.0,53.83695958866368,3920074.810362101,78270075.78389648,0.05008395317241572,53.9,61.0,53.6,54.4,37942.41,1650067199999.0,2022-04-15,0.08046832207767111,,green,,1.12,
285,1650067200000.0,54.37337180020655,9553256.621789053,79070941.88153173,0.12081880390526077,54.4,55.2,53.4,55.0,5396.053,1650153599999.0,2022-04-16,0.06918626289662103,,red,1.0,1.1,
286,1650153600000.0,54.998016578750395,4385150.464257568,79949320.9543932,0.05484912707087358,54.9,58.0,54.5,54.6,11903.121,1650239999999.0,2022-04-17,0.0659888095517755,,green,,-0.73,
287,1650240000000.0,54.753043565037586,6142246.402843715,79712779.4319016,0.07705472631387816,54.7,57.4,53.7,55.2,11293.646,1650326399999.0,2022-04-18,0.06624050390046582,,green,1.0,1.1,
288,1650326400000.0,55.19283438955753,6375448.862519971,80284619.47367913,0.07941058828347723,55.3,57.4,54.9,56.2,6877.911,1650412799999.0,2022-04-19,0.06571396040681546,,green,,1.81,
289,1650412800000.0,56.21820343884791,4720770.910195054,81737884.77185892,0.05775499235600897,56.2,57.4,55.6,56.7,5761.556,1650499199999.0,2022-04-20,0.06494383197359531,,green,,0.89,
290,1650499200000.0,56.65730287949663,4926378.046508062,82396971.28604977,0.05978833893548855,56.7,61.4,56.3,57.2,19567.315,1650585599999.0,2022-04-21,0.0643394645620336,,green,,0.88,top
291,1650585600000.0,57.056856862514095,7598971.434475638,82941357.02951851,0.09161860507986616,57.1,57.5,54.9,55.0,6276.603,1650671999999.0,2022-04-22,0.06804986230967235,,red,1.0,-3.85,
292,1650672000000.0,55.12069345871555,4498513.800079375,80153005.24664436,0.056124081514307374,55.2,59.8,54.7,56.1,8084.904,1650758399999.0,2022-04-23,0.06682676395258609,,red,,2.0,
293,1650758400000.0,56.146129443335084,4966343.743135595,81641214.15468867,0.06083133126518277,56.0,66.2,53.5,53.8,77311.18,1650844799999.0,2022-04-24,0.06835676594649609,,green,,-4.1,
294,1650844800000.0,54.034805810145336,15536048.938772107,78564638.32526496,0.19774862164389287,53.8,54.7,51.5,54.7,9114.335,1650931199999.0,2022-04-25,0.07697863690332106,,red,1.0,1.67,
295,1650931200000.0,54.65965549354319,6606373.690731458,79362099.48165078,0.08324343400540847,54.7,54.9,50.5,52.1,9777.468,1651017599999.0,2022-04-26,0.07837129304647396,,red,,-4.75,
296,1651017600000.0,52.11056694251951,5794768.572766134,75718026.98455614,0.07653089764143044,52.1,53.8,51.9,53.5,3546.425,1651103999999.0,2022-04-27,0.08001641472803729,,red,,2.69,
297,1651104000000.0,53.54359716118661,4040086.722353693,77841903.94795264,0.05190118069382029,53.6,54.6,52.7,53.9,5343.008,1651190399999.0,2022-04-28,0.0798399058486651,,green,,0.75,
298,1651190400000.0,53.787319333927115,4344261.290572403,78227129.89663856,0.05553394706302624,53.9,55.5,49.4,49.7,14889.537,1651276799999.0,2022-04-29,0.08022919112656586,,red,,-7.79,
299,1651276800000.0,49.62398479436425,7161679.250478333,72213315.779683,0.09917394282694399,49.7,52.4,49.2,49.4,13245.011,1651363199999.0,2022-04-30,0.07868312962097179,,red,1.0,-0.6,
300,1651363200000.0,49.67352370789877,5032063.698708003,72253366.92362063,0.06964469495279606,49.3,53.4,49.0,50.1,16019.201,1651449599999.0,2022-05-01,0.07973995589825197,,red,,1.42,
301,1651449600000.0,50.23615129625189,5904820.737726135,73016492.00767763,0.0808696854007345,50.2,50.9,48.7,49.2,5263.44,1651535999999.0,2022-05-02,0.08001245297588457,,red,1.0,-1.8,
302,1651536000000.0,49.21889310575361,3128454.517626791,71615448.41508834,0.04368407357437799,49.2,50.6,48.7,49.0,2729.902,1651622399999.0,2022-05-03,0.07746055906809177,,red,,-0.41,
303,1651622400000.0,49.09173353677266,2848024.033014624,71474577.64768428,0.039846671736253315,48.9,51.3,48.1,50.5,11625.06,1651708799999.0,2022-05-04,0.07618139330953778,,red,,3.06,
304,1651708800000.0,50.39729099624864,4650132.856988163,73326454.25102624,0.06341685145539519,50.5,50.9,39.1,45.2,8429.875,1651795199999.0,2022-05-05,0.0764405727752454,,red,1.0,-10.5,
305,1651795200000.0,45.26439510544758,3784433.1712023728,65841869.66358784,0.05747760794975202,45.4,46.5,44.5,45.5,4950.96,1651881599999.0,2022-05-06,0.0740019301230944,,red,,0.66,
306,1651881600000.0,45.4195161114105,3126200.9867720683,66077304.91774515,0.047311266563665834,45.5,48.6,44.9,45.7,12680.327,1651967999999.0,2022-05-07,0.07337244334090572,,red,,0.44,
307,1651968000000.0,45.781461460848064,4343640.350425729,66599595.96640055,0.06522022074453863,45.6,45.6,43.3,43.5,3110.955,1652054399999.0,2022-05-08,0.07368593544657398,,red,1.0,-4.81,
308,1652054400000.0,43.55772999348296,2847765.901021141,63237104.27516378,0.04503314839701783,43.5,44.0,36.7,37.1,8944.95,1652140799999.0,2022-05-09,0.06277768735751148,,red,,-14.71,
309,1652140800000.0,37.39287427908378,4773100.9567857385,54768309.43768278,0.08715078127829988,37.1,40.6,36.1,37.0,9560.446,1652227199999.0,2022-05-10,0.06305678359128944,,red,1.0,-0.27,
310,1652227200000.0,36.90113230888261,4691798.0769030675,53701048.25932905,0.08736883597217303,37.0,37.5,26.1,26.4,16336.206,1652313599999.0,2022-05-11,0.06383092204348534,,red,,-28.65,
311,1652313600000.0,26.275435101898502,4939475.529239175,38482170.81431595,0.12835750750842817,26.6,27.4,22.2,23.2,20221.074,1652399999999.0,2022-05-12,0.06929208824452877,,red,1.0,-12.12,bottom
312,1652400000000.0,23.20068476704337,4080223.51166565,33764644.02104778,0.12084307801741288,23.3,27.6,22.9,25.8,9383.252,1652486399999.0,2022-05-13,0.0739570261698421,,red,,11.21,
313,1652486400000.0,25.704366372187852,2534572.620895167,37447230.2188482,0.0676838475391285,25.7,29.5,25.7,28.3,12198.139,1652572799999.0,2022-05-14,0.07170773364928384,,red,,9.69,
314,1652572800000.0,28.253770426174036,3031706.0827179574,41050653.933348514,0.07385280847511849,28.4,87.0,27.2,36.0,597249.797,1652659199999.0,2022-05-15,0.07200831318659259,,green,,27.21,
315,1652659200000.0,36.32854853560306,95151845.53993261,52547774.905544,1.8107683096186384,36.0,38.0,28.3,29.1,155962.545,1652745599999.0,2022-05-16,0.1955725006307286,True,red,1.0,-19.17,
316,1652745600000.0,29.163948162634373,20070377.923889652,42458543.493705474,0.4727052854948995,29.0,43.0,29.0,32.4,308393.647,1652831999999.0,2022-05-17,0.22621687291076584,,red,,11.34,
317,1652832000000.0,32.34148877946168,30642315.84570924,46939758.22307465,0.6528008878973323,32.3,33.0,29.0,29.2,31958.79,1652918399999.0,2022-05-18,0.26999931692227147,,red,1.0,-9.88,
318,1652918400000.0,29.290791409945662,6373634.600377902,42587743.19405607,0.14965889531491924,29.2,33.1,29.0,31.4,31749.424,1653004799999.0,2022-05-19,0.2761594629122375,,red,,7.53,
319,1653004800000.0,31.367864714230702,5967277.983228105,45617284.97180742,0.1308117742411901,31.4,32.4,29.5,29.8,17066.962,1653091199999.0,2022-05-20,0.28139761764734017,,red,,-5.1,
320,1653091200000.0,29.86604451960867,3483590.1829057387,43531042.54819292,0.08002542505268694,29.9,30.8,29.3,30.5,12760.657,1653177599999.0,2022-05-21,0.28373434325369884,,red,,2.35,
321,1653177600000.0,30.48726573774784,2954524.8843118334,44390609.59529776,0.06655742985392123,30.4,31.4,30.1,31.0,11340.569,1653263999999.0,2022-05-22,0.2838298581900833,,green,,1.64,
322,1653264000000.0,30.92368349072098,2739975.8498013373,44994148.75604992,0.060896270416337626,30.9,31.7,29.9,30.0,17752.05,1653350399999.0,2022-05-23,0.28496293833432046,,red,,-3.23,
323,1653350400000.0,30.045774595010702,3526410.036818583,43705176.7644506,0.08068632363219116,29.9,30.2,28.5,29.8,10529.003,1653436799999.0,2022-05-24,0.2845011913595984,,red,1.0,-0.67,
324,1653436800000.0,29.757801572447175,2619416.2842119606,43266758.94993883,0.06054107929005539,29.8,30.9,28.9,29.1,22233.648,1653523199999.0,2022-05-25,0.2825849230251614,,red,,-2.35,
325,1653523200000.0,29.06802228072331,3723771.524400723,42304911.12951885,0.08802220415970591,29.0,29.6,26.0,27.2,18263.242,1653609599999.0,2022-05-26,0.27970382992882414,,red,1.0,-6.53,
326,1653609600000.0,27.21526756359243,3400761.7214448033,39743187.43513064,0.08556841916606643,27.2,27.6,25.6,26.7,11427.47,1653695999999.0,2022-05-27,0.2771842114394422,,red,,-1.84,
327,1653696000000.0,26.6595088132523,2806487.247985859,38795761.848965846,0.07234004732041806,26.6,28.0,26.5,27.1,8918.309,1653782399999.0,2022-05-28,0.2775167971381058,,red,,1.5,
328,1653782400000.0,27.245701016247015,1958725.7006337075,39614256.295853116,0.04944496965954022,27.2,33.3,26.9,27.3,63423.62,1653868799999.0,2022-05-29,0.2757733800798502,,green,,0.74,
329,1653868800000.0,27.453236030805666,6771592.39756019,39868985.2260303,0.16984611871031635,27.3,29.5,27.0,28.9,26751.042,1653955199999.0,2022-05-30,0.15856465215782717,,green,1.0,5.86,top
330,1653955200000.0,28.932237765502208,4560908.204152047,42095905.99841777,0.10834564777685209,28.9,29.8,28.3,28.5,17641.088,1654041599999.0,2022-05-31,0.13253896374939522,,green,,-1.38,
331,1654041600000.0,28.546193974175115,3714200.32646876,41518334.52387503,0.0894592803170589,28.5,28.8,26.0,26.8,11929.749,1654127999999.0,2022-06-01,0.0923002774936614,,red,,-5.96,bottom
332,1654128000000.0,26.81181170632484,2698130.1619451814,38983397.05251641,0.0692122894859676,26.8,27.9,26.3,27.9,8125.932,1654214399999.0,2022-06-02,0.08655409136302201,,red,,4.1,top
333,1654214400000.0,27.806326851731615,2443196.2319070348,40471377.91466344,0.060368496399076765,27.9,29.9,26.2,26.8,50202.463,1654300799999.0,2022-06-03,0.08152242866001391,,green,,-3.94,
334,1654300800000.0,26.578669672994003,6164864.108631924,38462798.60579037,0.16028121541067053,26.8,32.8,26.0,27.7,131414.443,1654387199999.0,2022-06-04,0.0872549851141556,,green,1.0,3.36,
335,1654387200000.0,27.612511589324438,11908435.501329796,40179560.45732345,0.2963804323837313,27.7,27.8,26.6,26.9,23451.183,1654473599999.0,2022-06-05,0.10367091386628488,,red,1.0,-2.89,
336,1654473600000.0,26.86739987328699,4652736.294674685,39156426.882478446,0.11882433268589868,26.9,28.3,26.9,27.4,12358.499,1654559999999.0,2022-06-06,0.10780863259982496,,red,,1.86,
337,1654560000000.0,27.402601537515448,2850777.0304007414,39846769.30365475,0.07154349223838499,27.4,28.0,26.5,27.1,15825.402,1654646399999.0,2022-06-07,0.10715557321455307,,red,,-1.09,
338,1654646400000.0,27.389560704939843,3337680.6499834014,40061343.77579406,0.08331424598892515,27.1,41.3,26.0,26.8,277025.805,1654732799999.0,2022-06-08,0.10878222797875807,,green,1.0,-1.11,
339,1654732800000.0,26.861449519282658,20947998.30989273,39055568.62348477,0.5363639308863204,26.9,27.8,26.6,27.1,12623.684,1654819199999.0,2022-06-09,0.1408066370306591,,red,1.0,1.12,
340,1654819200000.0,27.11880207019353,3016036.647931526,39448936.832271054,0.07645419344899224,27.1,27.6,26.1,26.8,18620.889,1654905599999.0,2022-06-10,0.14015562090801095,,red,,-1.11,
341,1654905600000.0,26.743129214363126,4515829.401657199,38887984.84413377,0.1161240269907791,26.7,27.3,25.2,25.7,11863.7,1654991999999.0,2022-06-11,0.14328304802732245,,red,1.0,-4.1,
342,1654992000000.0,25.716893545295477,3631677.748091853,37383788.34605691,0.09714579256852945,25.7,25.9,23.0,23.6,13316.109,1655078399999.0,2022-06-12,0.14669024966367883,,red,,-8.17,
343,1655078400000.0,23.51522481208166,5439124.695917477,34416057.90874609,0.15804031682940775,23.5,23.8,20.2,21.9,31503.307,1655164799999.0,2022-06-13,0.14584697810075678,,red,1.0,-7.2,
344,1655164800000.0,21.80114202652221,7817577.393525305,31698065.954182886,0.24662632113975066,21.8,23.6,20.9,22.4,20080.215,1655251199999.0,2022-06-14,0.15572416905524952,,red,1.0,2.28,
345,1655251200000.0,22.405665289765484,4518282.685297535,32552466.335829936,0.13880001099407757,22.3,23.5,20.0,23.4,40888.243,1655337599999.0,2022-06-15,0.15924850696075085,,red,,4.46,
346,1655337600000.0,23.327715553479813,7155529.567172656,33913216.94863353,0.21099530539997843,23.4,27.3,19.7,20.3,160253.901,1655423999999.0,2022-06-16,0.16937586524032305,,red,1.0,-13.25,
347,1655424000000.0,20.18430765130868,14105011.755574966,29161915.603760384,0.4836791912859163,20.2,20.8,19.7,20.5,26047.379,1655510399999.0,2022-06-17,0.19961234344652587,,red,1.0,0.99,
348,1655510400000.0,20.47323413432165,2951407.9347871863,29767336.275120836,0.0991492119922714,20.5,20.7,17.3,18.7,26535.81,1655596799999.0,2022-06-18,0.19524577177378313,,red,,-8.78,bottom
349,1655596800000.0,18.786664968045482,3330393.75415818,27315126.175123543,0.12192488999707567,18.7,20.0,17.9,19.4,27812.049,1655683199999.0,2022-06-19,0.1827846616033077,,red,1.0,3.74,
350,1655683200000.0,19.358920177119167,3810123.428354669,28153601.154083133,0.13533343061521935,19.4,40.0,18.7,22.4,796937.99,1655769599999.0,2022-06-20,0.1839638828839735,,green,1.0,15.46,
351,1655769600000.0,22.227442561866507,52326678.40233647,32380985.762467146,1.6159692847581066,22.4,29.5,21.2,23.7,337784.059,1655855999999.0,2022-06-21,0.29428001092109646,True,green,1.0,5.8,
352,1655856000000.0,23.432256435571766,27334829.606867753,34198723.95846838,0.799293846169925,23.7,25.1,23.0,23.6,96547.63,1655942399999.0,2022-06-22,0.345421410934025,True,green,,-0.42,
353,1655942400000.0,23.69501980296399,9432231.498436477,34395812.405137636,0.27422615832814584,23.8,24.6,22.8,24.0,43235.718,1656028799999.0,2022-06-23,0.3266972843227268,,green,,1.69,
354,1656028800000.0,23.992644245107734,4920716.34293341,34874917.2787959,0.14109614378713456,24.0,25.6,23.0,24.6,89615.926,1656115199999.0,2022-06-24,0.33131456648973695,,green,,2.5,
355,1656115200000.0,24.760511619695905,7597302.59471176,36308322.31493305,0.20924411017435274,24.6,29.0,24.0,24.8,119370.803,1656201599999.0,2022-06-25,0.3379660010028494,,green,1.0,0.81,
356,1656201600000.0,24.867590441377043,10105893.783973098,36082698.33665771,0.2800758881634458,24.8,28.3,24.5,24.8,102599.956,1656287999999.0,2022-06-26,0.35103243640248627,,green,1.0,0.0,
357,1656288000000.0,24.97441574335492,9389430.886805924,36151983.46663604,0.25972104394967005,24.8,27.2,24.6,25.0,84842.356,1656374399999.0,2022-06-27,0.35829534548250497,,green,,0.81,top
358,1656374400000.0,24.85739202609985,7520166.278573165,36121666.117908664,0.20818990613627208,25.2,26.2,23.4,23.5,37073.806,1656460799999.0,2022-06-28,0.3555498872679709,,red,,-6.0,bottom
359,1656460800000.0,23.489695719601542,4442331.092551637,34069000.03697235,0.13039217727936633,23.6,26.0,23.0,24.5,68443.706,1656547199999.0,2022-06-29,0.35494932771692006,,red,,4.26,
360,1656547200000.0,24.482321306010572,7614320.816722961,35635286.07414594,0.21367362677768123,24.4,25.5,22.7,23.9,67052.013,1656633599999.0,2022-06-30,0.3551406363867559,,red,1.0,-2.45,
361,1656633600000.0,23.790452783501447,6683628.886210922,34413227.870857134,0.19421685496323227,23.9,25.2,23.1,24.0,30575.9,1656719999999.0,2022-07-01,0.33446475522084995,,red,,0.42,
362,1656720000000.0,24.214753408092932,3751860.849191008,35300117.272003,0.10628465679819878,24.0,25.8,23.7,24.2,45052.879,1656806399999.0,2022-07-02,0.33497442984984477,,green,,0.83,
363,1656806400000.0,24.2974601291561,3864605.3514426537,35427624.836729005,0.10908451721652217,24.3,25.1,24.0,24.3,21301.82,1656892799999.0,2022-07-03,0.33405726036551947,,green,,0.41,
364,1656892800000.0,24.357120518603434,2183920.595874129,35414254.13923841,0.06166784107008429,24.2,25.3,24.2,25.1,15434.646,1656979199999.0,2022-07-04,0.32879543254086696,,green,,3.29,
365,1656979200000.0,25.10819852964557,1901029.2076910024,36523986.588237256,0.05204878725651594,25.0,25.4,24.4,24.5,17046.757,1657065599999.0,2022-07-05,0.2170868255764676,,green,,-2.39,
366,1657065600000.0,24.56999802346951,2238100.926480941,35796695.22082093,0.0625225572549268,24.7,25.6,24.5,25.2,20969.882,1657151999999.0,2022-07-06,0.16446030493968206,,green,1.0,2.86,
367,1657152000000.0,25.257884054273582,2645864.6385822413,36891737.20130766,0.07171970851208535,25.3,26.2,24.7,25.7,26331.434,1657238399999.0,2022-07-07,0.14999555852424917,,green,1.0,1.98,top
368,1657238400000.0,25.743446163478456,2833815.0363524687,37402046.963970065,0.07576630870182918,25.9,26.4,24.1,24.8,20518.713,1657324799999.0,2022-07-08,0.14532914173244163,,green,,-3.5,
369,1657324800000.0,24.926725897650666,2458625.625549832,36177458.129218385,0.06796015399335494,24.7,26.3,24.7,25.3,18952.296,1657411199999.0,2022-07-09,0.1352374305766561,,green,,2.02,
370,1657411200000.0,25.358106202790232,2231027.8496771604,36923199.03886753,0.06042347109004962,25.3,25.5,24.5,24.7,10115.056,1657497599999.0,2022-07-10,0.11954797221427063,,red,,-2.37,
371,1657497600000.0,24.612867741044163,1525866.003444609,35829489.543338016,0.04258687530557694,24.5,24.7,23.3,23.4,9787.048,1657583999999.0,2022-07-11,0.10403838873969255,,red,,-5.26,bottom
372,1657584000000.0,23.450963756042505,1401703.6072743244,34040643.854986094,0.04117735296798772,23.4,25.3,23.0,23.9,27342.689,1657670399999.0,2022-07-12,0.09210892065624368,,red,,2.14,
373,1657670400000.0,23.947009601168627,2882380.558135563,34939053.29082957,0.0824973857804012,24.0,24.3,22.5,24.0,22899.903,1657756799999.0,2022-07-13,0.08868786412060332,,red,1.0,0.42,
374,1657756800000.0,24.05596153482119,2598438.724316129,34970196.48095686,0.07430437875094918,24.2,25.0,23.7,25.0,29101.982,1657843199999.0,2022-07-14,0.0787329178329796,,green,,4.17,
375,1657843200000.0,24.850706734576313,2674940.3800769225,36113704.92282768,0.07406995172035304,24.9,27.4,24.1,24.6,92633.344,1657929599999.0,2022-07-15,0.07015099617277394,,green,,-1.6,
376,1657929600000.0,24.565218379108245,7435294.258365885,35531557.21238893,0.20925889101683928,24.6,25.9,24.2,25.2,37387.823,1658015999999.0,2022-07-16,0.07750629861696254,,green,1.0,2.44,
377,1658016000000.0,25.21826685605189,3776898.3860900123,36677924.850562625,0.10297470212609577,25.3,26.0,25.0,25.1,23127.266,1658102399999.0,2022-07-17,0.07706988325336066,,green,,-0.4,
378,1658102400000.0,25.14970175178592,2448758.0159911485,36539781.69862292,0.06701621909480196,25.1,26.9,25.0,26.5,42213.219,1658188799999.0,2022-07-18,0.0774519102551262,,green,,5.58,top
379,1658188800000.0,26.457179888750417,4296472.070302609,38216998.18787153,0.11242306497180957,26.4,26.9,25.7,26.5,28649.797,1658275199999.0,2022-07-19,0.08176435866336147,,green,1.0,0.0,
380,1658275200000.0,26.454013121261184,3336795.320722462,38557578.08586486,0.08654058388448743,26.5,27.0,25.4,25.6,29713.576,1658361599999.0,2022-07-20,0.08347993199404437,,green,,-3.4,
381,1658361600000.0,25.583544804359025,3064123.7227878524,37200127.67746171,0.08236863457445337,25.5,25.8,24.5,25.7,17606.987,1658447999999.0,2022-07-21,0.08424056956992779,,red,,0.39,
382,1658448000000.0,25.647572313100575,2466312.212598787,37319825.71773217,0.06608584486038856,25.6,26.5,24.8,25.0,15866.227,1658534399999.0,2022-07-22,0.08354910786696776,,red,,-2.72,bottom
383,1658534400000.0,24.98030733595632,2344581.3725563916,36361651.49360941,0.06447950728993851,25.0,26.3,24.9,26.2,21260.099,1658620799999.0,2022-07-23,0.08330049024529515,,green,,4.8,top
384,1658620800000.0,26.13093422040085,2578037.566267015,37872215.05871071,0.06807200377032237,26.1,26.8,25.4,25.7,22138.565,1658707199999.0,2022-07-24,0.08384681400817177,,green,,-1.91,
385,1658707200000.0,25.74982445432504,2834819.025845972,37496580.08237466,0.07560206876515876,25.8,25.9,24.5,24.6,13130.954,1658793599999.0,2022-07-25,0.08620504211242763,,red,1.0,-4.28,bottom
386,1658793600000.0,24.62418533100477,2020350.1649228812,35898238.060699984,0.05627992553580737,24.5,24.7,23.9,24.7,11045.188,1658879999999.0,2022-07-26,0.08728379729584332,,red,,0.41,
387,1658880000000.0,24.623337344463756,1886985.4242819773,35817603.82523686,0.052683184321571486,24.7,26.5,24.4,26.0,46252.692,1658966399999.0,2022-07-27,0.08515421147735547,,green,,5.26,
388,1658966400000.0,25.8604446613527,4476300.684039332,37601996.44034995,0.11904422923767694,25.9,28.0,25.8,27.0,50170.184,1659052799999.0,2022-07-28,0.0883499150835503,,green,1.0,3.85,
389,1659052800000.0,27.034950282392,6345379.757536644,39376718.15990785,0.16114547006604812,27.1,28.5,26.8,27.8,47177.333,1659139199999.0,2022-07-29,0.09456959496538568,,green,1.0,2.96,top
390,1659139200000.0,28.250820138475014,13085490.128858222,41119986.83727205,0.3182270018870057,27.8,31.0,27.3,27.7,101161.428,1659225599999.0,2022-07-30,0.10235303145611185,,green,1.0,-0.36,
391,1659225600000.0,27.577769765472336,8463773.14275011,40022836.124220125,0.21147359763513093,27.7,29.7,26.6,27.3,48445.66,1659311999999.0,2022-07-31,0.11010295256390008,,green,,-1.44,
392,1659312000000.0,27.31688445638768,4366461.021074894,39700349.4927825,0.10998545546478661,27.3,28.3,27.0,27.8,21801.079,1659398399999.0,2022-08-01,0.1131721837331847,,red,,1.83,
393,1659398400000.0,27.65484696634933,2657507.934731412,40121194.40922674,0.06623700948744089,27.6,27.7,26.2,26.5,23426.187,1659484799999.0,2022-08-02,0.10987317977001551,,red,,-4.68,bottom
394,1659484800000.0,26.643775998247598,2366325.111070566,38681293.05722397,0.06117492265757233,26.6,31.3,26.2,27.3,120452.495,1659571199999.0,2022-08-03,0.10806134682523585,,green,,3.02,
395,1659571200000.0,27.287793262069158,9563190.875561621,39624380.14588663,0.24134613186004292,27.2,27.9,26.5,26.9,31213.108,1659657599999.0,2022-08-04,0.11941688234563512,,red,1.0,-1.47,
396,1659657600000.0,26.905343256109237,3725318.966481604,38914991.555417344,0.09572966143848498,27.0,29.7,26.8,28.3,57901.528,1659743999999.0,2022-08-05,0.12153429781549914,,green,,5.2,
397,1659744000000.0,28.45934741216877,4931118.2725422,41296449.52324535,0.11940780211060334,28.3,29.8,28.0,28.0,54327.47,1659830399999.0,2022-08-06,0.12545774744554664,,green,1.0,-1.06,
398,1659830400000.0,28.055572876139863,4499643.591291833,40800564.89161323,0.1102838552173271,28.0,28.6,27.9,28.2,13830.336,1659916799999.0,2022-08-07,0.12847287969176124,,green,,0.71,
399,1659916800000.0,28.216349739123412,1398846.1443159692,40980127.039377965,0.0341347439692369,28.2,30.0,28.1,28.8,28153.372,1660003199999.0,2022-08-08,0.125510927920624,,green,,2.13,
400,1660003200000.0,28.858976574675864,2495161.109657921,41910014.35691967,0.05953615497261099,28.9,28.9,26.7,27.3,22796.06,1660089599999.0,2022-08-09,0.12574351573753853,,red,1.0,-5.21,
401,1660089600000.0,27.322612160414977,2265165.7001916002,39586339.72203009,0.057220892764961014,27.2,30.2,26.8,30.0,64875.653,1660175999999.0,2022-08-10,0.1260676377692092,,green,,9.89,
402,1660176000000.0,29.756297362924798,6045940.405365106,43182184.53731429,0.14001006364420332,30.0,31.0,28.8,28.8,33852.564,1660262399999.0,2022-08-11,0.12756519736967536,,green,1.0,-4.0,
403,1660262400000.0,28.88550953033827,3258152.6445343886,42003647.148143165,0.07756832717509438,28.8,34.5,28.7,31.3,123587.387,1660348799999.0,2022-08-12,0.12159540144889296,,green,,8.68,top
404,1660348800000.0,31.203630910091263,11272472.413366148,45367287.18095179,0.24847137913282774,31.4,31.5,29.5,29.7,26273.984,1660435199999.0,2022-08-13,0.11661285696645167,,green,1.0,-5.11,
405,1660435200000.0,29.714991868962,3369514.4887772324,43185579.08723373,0.07802406636648086,29.7,31.3,28.5,28.8,37716.242,1660521599999.0,2022-08-14,0.10708074759011953,,red,,-3.03,
406,1660521600000.0,28.749953018973887,3461960.9911922785,41806653.87040809,0.08280885147908837,28.8,29.4,28.0,28.7,11484.919,1660607999999.0,2022-08-15,0.10513956159114109,,red,,-0.35,
407,1660608000000.0,28.726254649832207,1270849.283071799,41843674.60708632,0.03037135947081898,28.7,29.0,28.1,28.2,9048.211,1660694399999.0,2022-08-16,0.10257772944709666,,red,,-1.74,
408,1660694400000.0,28.275317506646587,822580.8464275645,41108734.38548871,0.02000988010756988,28.3,28.9,27.26,27.31,26287.728,1660780799999.0,2022-08-17,0.09963736926495362,,red,,-3.16,
409,1660780800000.0,27.413229746277644,1894383.3195130613,39838634.49620306,0.0475514119263704,27.39,27.73,25.8,26.31,30310.108,1660867199999.0,2022-08-18,0.08579488926969132,,red,1.0,-3.66,
410,1660867200000.0,26.425422143158386,2021014.095346896,38483058.999344856,0.05251698144321901,26.35,26.35,23.41,24.47,40828.507,1660953599999.0,2022-08-19,0.08270826927002946,,red,1.0,-6.99,
411,1660953600000.0,24.536785193512046,3289970.759624062,35702352.82590105,0.09214997049822671,24.47,26.68,24.33,24.61,25427.19,1661039999999.0,2022-08-20,0.08076128129771684,,red,1.0,0.57,
412,1661040000000.0,24.49872948738063,2091801.8058808392,35621364.916716754,0.058723235641629706,24.58,28.82,24.47,24.88,67082.656,1661126399999.0,2022-08-21,0.07707837989945274,,red,,1.1,
413,1661126400000.0,24.99250565180228,5044322.805940802,36338420.18268917,0.13881513782329502,24.88,27.29,24.08,25.27,71331.901,1661212799999.0,2022-08-22,0.08455555088902832,,red,1.0,1.57,
414,1661212800000.0,25.310712541989222,5360998.105535603,36746917.856932916,0.14588973492709298,25.28,25.7,24.7,25.16,27147.456,1661299199999.0,2022-08-23,0.09072366374291987,,red,,-0.44,
415,1661299200000.0,25.242220688176296,4771377.426950574,36650435.511912785,0.13018610448434356,25.12,25.7,24.57,25.2,11201.397,1661385599999.0,2022-08-24,0.09593546458001864,,red,,0.16,
416,1661385600000.0,25.17084826715567,1995929.8626780764,36595164.51311733,0.05454080858039719,25.21,27.6,25.16,26.04,47459.567,1661471999999.0,2022-08-25,0.08983051778974678,,green,,3.33,
417,1661472000000.0,26.061834448609794,8159980.2489690725,37901839.90253524,0.21529245730424962,26.0,26.05,24.01,24.03,23779.844,1661558399999.0,2022-08-26,0.099667955656115,,red,1.0,-7.72,
418,1661558400000.0,24.159721881515015,4113963.7965745665,35053447.33753121,0.11736260222742219,24.01,24.68,23.83,24.45,6654.776,1661644799999.0,2022-08-27,0.0903030430200146,,red,,1.75,
